{
 "data": "2024-07-31",
 "mes_da_meta": 7,
 "dia_de_cadastro_da_meta": 31,
 "ultimo_dia_do_mes": 31,
 "meta": 684915.6491363205,
 "tarifa": 4.202858865481044
}