{
 "data": "2024-07-07",
 "mes_da_meta": 7,
 "dia_de_cadastro_da_meta": 7,
 "ultimo_dia_do_mes": 31,
 "meta": 616838.3497417714,
 "tarifa": 1.1284894965761365
}